call_id,date,agent_id,call_type,duration_minutes,wait_time_minutes,resolved,customer_satisfaction,time_of_day,priority
1,2023-03-04,30,Support,9,2.0,True,5.0,Morning,Medium
2,2023-02-27,22,Sales,1,0.0,False,3.0,Afternoon,Low
4,2023-10-08,29,Sales,13,3.0,True,4.0,Afternoon,Low
5,2023-12-27,24,Sales,24,1.0,True,5.0,Morning,Low
6,2023-02-17,15,Sales,13,7.0,True,5.0,Afternoon,High
7,2023-08-18,29,Support,7,1.0,True,3.0,Afternoon,Medium
8,2023-06-22,25,Support,18,0.0,True,4.0,Afternoon,Medium
9,2023-04-15,10,Support,10,4.0,False,5.0,Evening,Low
10,2023-07-02,22,Sales,2,4.0,True,4.0,Afternoon,Medium
11,2023-08-04,20,Complaint,16,3.0,False,4.0,Afternoon,Medium
12,2023-08-22,14,Sales,25,9.0,True,5.0,Morning,Medium
13,2023-06-03,13,Support,17,0.0,True,2.0,Morning,Medium
14,2023-05-12,14,Complaint,3,7.0,True,4.0,Morning,Low
15,2023-06-08,33,Support,5,0.0,True,4.0,Afternoon,Low
16,2023-02-15,29,Inquiry,5,1.0,True,3.0,Evening,Medium
17,2023-09-06,31,Inquiry,1,4.0,False,3.0,Afternoon,Medium
18,2023-08-09,1,Inquiry,16,0.0,True,5.0,Afternoon,Low
19,2023-04-18,30,Support,8,2.0,True,2.0,Evening,Medium
20,2023-05-04,26,Sales,6,3.0,True,3.0,Afternoon,Low
21,2023-05-03,26,Inquiry,10,1.0,True,2.0,Afternoon,Low
22,2023-05-13,37,Inquiry,17,16.0,True,2.0,Afternoon,Low
23,2023-02-23,9,Support,15,0.0,True,4.0,Morning,Medium
24,2023-10-30,12,Support,5,1.0,True,3.0,Morning,High
25,2023-03-11,25,Complaint,5,2.0,True,3.0,Afternoon,High
26,2023-05-21,4,Sales,5,0.0,True,3.0,Morning,Medium
27,2023-09-30,6,Support,28,5.0,False,2.0,Afternoon,Low
29,2023-03-13,24,Support,10,8.0,False,3.0,Afternoon,Medium
30,2023-12-30,25,Support,11,0.0,False,2.0,Evening,Low
31,2023-07-10,30,Support,7,3.0,False,5.0,Afternoon,High
32,2023-03-12,9,Inquiry,11,4.0,True,5.0,Morning,High
33,2023-04-07,12,Support,4,1.0,False,3.0,Afternoon,Low
34,2023-04-23,26,Support,6,9.0,True,5.0,Afternoon,Low
35,2023-11-09,8,Sales,3,3.0,True,4.0,Afternoon,Medium
36,2023-07-07,19,Support,8,3.0,False,4.0,Evening,Low
38,2023-09-07,4,Inquiry,25,3.0,True,3.0,Evening,Low
39,2023-11-09,12,Sales,17,0.0,True,4.0,Morning,Low
40,2023-03-01,8,Support,1,5.0,False,4.0,Morning,Low
41,2023-03-30,5,Sales,2,5.0,True,2.0,Afternoon,Low
43,2023-10-04,5,Sales,3,0.0,True,4.0,Evening,Low
44,2023-06-09,2,Sales,9,3.0,True,5.0,Evening,Medium
45,2023-08-08,5,Complaint,5,6.0,True,4.0,Afternoon,Low
46,2023-05-28,23,Support,18,14.0,True,1.0,Morning,Low
47,2023-09-28,5,Support,2,0.0,True,4.0,Morning,Low
48,2023-11-30,17,Inquiry,1,9.0,True,1.0,Evening,Low
49,2023-01-08,38,Complaint,8,0.0,True,5.0,Morning,Medium
50,2023-09-23,10,Support,6,20.0,False,3.0,Evening,Low
51,2023-04-05,6,Complaint,12,0.0,True,5.0,Evening,Low
52,2023-02-26,21,Support,12,2.0,True,5.0,Morning,Low
53,2023-05-17,16,Complaint,4,0.0,True,5.0,Morning,Medium
54,2023-03-11,31,Complaint,5,1.0,True,3.0,Afternoon,Low
55,2023-01-08,33,Complaint,9,0.0,True,2.0,Morning,Medium
56,2023-02-27,36,Support,7,2.0,False,5.0,Afternoon,Low
57,2023-06-22,8,Inquiry,5,7.0,False,2.0,Morning,Medium
59,2023-04-25,2,Support,13,1.0,True,2.0,Afternoon,Low
60,2023-08-14,26,Sales,2,3.0,True,4.0,Afternoon,Low
61,2023-09-20,6,Complaint,6,1.0,True,3.0,Evening,High
62,2023-01-18,19,Inquiry,14,0.0,True,4.0,Afternoon,Low
63,2023-03-24,22,Inquiry,12,0.0,True,4.0,Afternoon,High
65,2023-10-12,36,Sales,3,2.0,True,4.0,Evening,Medium
66,2023-08-02,39,Support,19,13.0,True,3.0,Evening,Low
68,2023-01-16,1,Support,12,7.0,True,3.0,Morning,Low
69,2023-04-16,27,Sales,14,1.0,True,5.0,Morning,Medium
70,2023-12-09,12,Support,2,7.0,True,4.0,Evening,Medium
71,2023-09-30,37,Support,5,6.0,True,2.0,Morning,High
72,2023-08-12,28,Support,9,0.0,False,4.0,Evening,Low
73,2023-11-25,14,Support,18,0.0,True,5.0,Afternoon,Low
74,2023-01-22,3,Complaint,7,0.0,True,2.0,Afternoon,High
75,2023-04-22,19,Sales,9,0.0,False,5.0,Afternoon,High
76,2023-03-25,20,Inquiry,20,7.0,True,4.0,Afternoon,Low
77,2023-05-11,29,Support,12,5.0,True,4.0,Afternoon,Medium
78,2023-07-30,37,Inquiry,4,4.0,True,3.0,Afternoon,Medium
79,2023-11-04,34,Complaint,10,2.0,True,3.0,Afternoon,High
80,2023-11-20,12,Sales,3,1.0,True,3.0,Afternoon,Medium
81,2023-06-05,11,Inquiry,10,2.0,True,1.0,Afternoon,High
82,2023-05-19,29,Support,9,5.0,False,4.0,Afternoon,Low
84,2023-09-13,13,Inquiry,17,1.0,True,1.0,Afternoon,Low
85,2023-10-30,35,Complaint,6,4.0,False,2.0,Afternoon,Low
86,2023-04-05,12,Sales,5,0.0,False,3.0,Evening,Low
87,2023-02-27,5,Support,19,4.0,True,3.0,Morning,Low
88,2023-05-28,34,Support,2,1.0,True,3.0,Afternoon,Low
89,2023-01-26,28,Support,3,1.0,True,3.0,Evening,Medium
90,2023-01-10,12,Support,4,6.0,True,5.0,Afternoon,Medium
91,2023-04-12,22,Inquiry,11,0.0,False,3.0,Evening,Low
92,2023-03-22,21,Support,2,3.0,False,3.0,Morning,Low
93,2023-12-21,18,Complaint,18,0.0,True,1.0,Afternoon,High
94,2023-09-23,12,Sales,10,4.0,True,4.0,Afternoon,Low
95,2023-02-25,26,Support,6,0.0,False,5.0,Evening,Medium
96,2023-01-22,24,Complaint,15,7.0,False,4.0,Morning,Medium
97,2023-02-18,34,Support,27,1.0,False,5.0,Afternoon,Low
99,2023-08-11,10,Inquiry,11,3.0,False,2.0,Morning,High
100,2023-07-24,37,Inquiry,12,0.0,True,4.0,Morning,Medium
101,2023-01-13,15,Support,5,3.0,True,2.0,Afternoon,High
102,2023-03-29,10,Complaint,14,3.0,True,4.0,Afternoon,Low
103,2023-11-26,10,Support,6,4.0,True,3.0,Morning,Low
104,2023-02-04,37,Sales,4,4.0,True,2.0,Afternoon,Low
105,2023-10-27,19,Support,5,0.0,False,4.0,Afternoon,Medium
106,2023-10-29,10,Support,2,2.0,True,2.0,Evening,High
107,2023-11-24,17,Complaint,4,1.0,True,3.0,Morning,Low
108,2023-01-02,19,Support,2,4.0,True,3.0,Afternoon,Medium
109,2023-06-14,1,Inquiry,5,2.0,True,5.0,Morning,Low
110,2023-09-10,29,Inquiry,9,4.0,True,1.0,Evening,Low
111,2023-10-09,15,Support,15,6.0,True,2.0,Afternoon,Low
112,2023-09-07,34,Complaint,3,0.0,True,5.0,Afternoon,High
114,2023-12-22,35,Support,3,0.0,True,3.0,Afternoon,Medium
115,2023-03-09,26,Inquiry,5,0.0,True,3.0,Afternoon,High
116,2023-07-04,16,Support,3,0.0,True,5.0,Morning,Medium
117,2023-06-01,4,Sales,11,0.0,False,5.0,Morning,Low
118,2023-05-30,16,Inquiry,1,0.0,True,3.0,Afternoon,Medium
119,2023-11-11,11,Inquiry,2,3.0,True,3.0,Morning,High
120,2023-06-26,25,Inquiry,32,2.0,True,4.0,Afternoon,Low
121,2023-04-11,12,Support,5,1.0,True,5.0,Afternoon,Medium
122,2023-11-22,8,Inquiry,4,0.0,True,1.0,Evening,Medium
123,2023-07-23,12,Sales,7,0.0,True,4.0,Afternoon,Low
124,2023-08-07,23,Complaint,13,6.0,True,3.0,Afternoon,Low
125,2023-02-04,12,Complaint,9,1.0,True,4.0,Evening,Low
126,2023-01-29,28,Complaint,2,9.0,True,4.0,Afternoon,High
127,2023-10-23,36,Sales,2,1.0,False,3.0,Afternoon,Low
128,2023-07-19,7,Inquiry,3,5.0,True,5.0,Evening,Low
129,2023-09-15,10,Complaint,6,4.0,True,4.0,Morning,Medium
130,2023-06-29,27,Sales,12,6.0,False,3.0,Morning,Low
131,2023-05-13,14,Support,7,0.0,True,3.0,Evening,Medium
134,2023-01-01,29,Complaint,8,4.0,True,5.0,Evening,Medium
135,2023-07-04,6,Inquiry,10,0.0,True,3.0,Afternoon,Low
136,2023-07-08,30,Complaint,10,1.0,True,4.0,Afternoon,Low
137,2023-10-28,19,Sales,3,1.0,True,4.0,Morning,Low
138,2023-05-18,8,Support,1,1.0,True,5.0,Morning,Medium
139,2023-01-30,1,Sales,16,5.0,False,4.0,Afternoon,High
140,2023-06-08,5,Support,15,8.0,True,5.0,Afternoon,Low
142,2023-09-16,35,Support,33,2.0,True,5.0,Afternoon,Medium
143,2023-01-07,7,Complaint,7,4.0,True,3.0,Afternoon,Low
144,2023-08-15,7,Support,4,7.0,False,4.0,Morning,Low
145,2023-12-06,33,Support,7,1.0,False,3.0,Morning,Low
146,2023-02-25,16,Sales,12,0.0,True,5.0,Afternoon,Medium
147,2023-08-20,28,Sales,3,0.0,True,4.0,Morning,Medium
148,2023-11-11,38,Support,15,3.0,True,1.0,Evening,Medium
149,2023-11-22,4,Sales,4,0.0,True,4.0,Afternoon,Medium
150,2023-11-06,10,Sales,5,3.0,False,1.0,Evening,Medium
151,2023-12-09,33,Complaint,4,1.0,True,4.0,Evening,Medium
153,2023-06-01,36,Sales,19,0.0,True,2.0,Morning,Low
154,2023-06-30,18,Support,14,0.0,False,2.0,Afternoon,High
155,2023-04-17,39,Complaint,7,5.0,False,5.0,Evening,High
156,2023-02-19,27,Support,3,2.0,False,3.0,Morning,Medium
157,2023-12-27,30,Inquiry,5,0.0,False,1.0,Evening,Medium
158,2023-03-01,11,Sales,4,0.0,False,4.0,Evening,High
159,2023-01-05,24,Support,9,7.0,False,3.0,Afternoon,Medium
160,2023-12-16,19,Sales,12,0.0,False,4.0,Afternoon,Low
161,2023-08-21,1,Complaint,2,9.0,False,3.0,Afternoon,Low
162,2023-10-09,24,Support,4,5.0,True,5.0,Morning,Medium
163,2023-01-05,19,Support,30,9.0,False,4.0,Afternoon,Low
164,2023-05-29,32,Complaint,2,0.0,True,5.0,Morning,Low
165,2023-06-24,20,Inquiry,13,5.0,True,4.0,Evening,Low
166,2023-08-26,37,Support,10,1.0,False,3.0,Morning,Low
167,2023-09-04,27,Complaint,3,10.0,True,4.0,Morning,Medium
168,2023-09-11,31,Inquiry,6,0.0,True,2.0,Evening,Medium
169,2023-09-02,1,Support,7,1.0,False,4.0,Afternoon,Low
170,2023-04-30,8,Support,8,0.0,True,4.0,Morning,Medium
171,2023-06-03,5,Complaint,7,0.0,True,3.0,Morning,High
172,2023-03-05,24,Inquiry,10,0.0,True,5.0,Evening,Low
173,2023-11-24,38,Complaint,9,2.0,False,3.0,Afternoon,Medium
174,2023-05-20,22,Inquiry,6,0.0,True,5.0,Afternoon,Low
175,2023-03-29,7,Support,6,15.0,True,3.0,Afternoon,Low
176,2023-07-09,1,Support,18,3.0,False,4.0,Morning,Low
177,2023-12-29,21,Support,6,4.0,True,4.0,Afternoon,Low
178,2023-12-03,38,Support,18,4.0,True,4.0,Afternoon,Low
179,2023-11-10,15,Sales,12,5.0,False,2.0,Afternoon,Medium
180,2023-05-04,15,Support,9,3.0,True,4.0,Morning,Medium
181,2023-06-21,35,Inquiry,5,0.0,False,2.0,Morning,Low
183,2023-02-02,32,Complaint,6,0.0,False,2.0,Afternoon,Medium
184,2023-12-23,27,Inquiry,3,0.0,False,5.0,Afternoon,Medium
185,2023-03-15,30,Sales,8,12.0,True,5.0,Morning,Low
186,2023-06-18,7,Sales,8,1.0,True,5.0,Morning,High
187,2023-10-09,4,Inquiry,7,4.0,False,4.0,Evening,High
188,2023-06-02,12,Support,10,1.0,True,4.0,Afternoon,Medium
190,2023-12-07,3,Support,4,3.0,True,3.0,Afternoon,Low
192,2023-08-23,18,Support,7,1.0,True,5.0,Afternoon,Medium
193,2023-11-28,29,Sales,4,8.0,True,4.0,Evening,Low
194,2023-12-06,1,Support,1,3.0,True,5.0,Afternoon,Low
195,2023-04-17,39,Inquiry,8,1.0,False,4.0,Afternoon,Medium
196,2023-07-06,3,Complaint,6,7.0,True,5.0,Evening,Medium
197,2023-04-08,13,Complaint,15,1.0,True,5.0,Morning,Low
198,2023-12-03,13,Inquiry,9,2.0,True,3.0,Morning,Low
199,2023-02-04,6,Support,25,1.0,True,3.0,Afternoon,Low
200,2023-06-09,38,Support,11,0.0,True,1.0,Morning,Low
201,2023-02-09,29,Complaint,14,13.0,True,3.0,Afternoon,Low
203,2023-11-24,26,Sales,14,3.0,False,5.0,Evening,Low
204,2023-05-28,31,Complaint,6,1.0,True,4.0,Afternoon,Medium
205,2023-04-28,39,Support,8,0.0,True,3.0,Afternoon,Low
206,2023-12-02,30,Complaint,5,2.0,True,3.0,Afternoon,Low
207,2023-07-30,37,Support,14,2.0,True,4.0,Afternoon,Low
208,2023-07-01,23,Sales,16,1.0,False,1.0,Afternoon,Low
210,2023-01-20,38,Sales,6,4.0,True,5.0,Afternoon,High
211,2023-12-05,3,Complaint,12,1.0,True,3.0,Evening,Low
212,2023-06-25,38,Sales,3,0.0,True,2.0,Evening,Low
213,2023-12-11,34,Support,13,0.0,False,2.0,Afternoon,Medium
214,2023-01-28,34,Support,10,8.0,True,4.0,Evening,Low
216,2023-08-16,18,Support,16,4.0,True,5.0,Afternoon,High
217,2023-08-19,2,Sales,9,2.0,True,4.0,Morning,Medium
218,2023-12-31,28,Support,4,6.0,True,3.0,Afternoon,High
219,2023-07-13,17,Support,13,2.0,True,4.0,Morning,High
220,2023-02-08,23,Complaint,11,0.0,True,5.0,Evening,Low
221,2023-09-28,36,Support,1,9.0,False,5.0,Afternoon,High
222,2023-04-17,3,Inquiry,7,5.0,True,5.0,Evening,Low
224,2023-06-29,2,Inquiry,10,2.0,True,4.0,Evening,Medium
225,2023-07-28,4,Sales,11,3.0,True,3.0,Morning,Low
226,2023-12-01,36,Support,6,4.0,False,5.0,Afternoon,Low
227,2023-02-10,38,Inquiry,14,3.0,True,3.0,Morning,Medium
228,2023-11-28,35,Support,23,1.0,False,4.0,Afternoon,Low
229,2023-12-12,18,Complaint,19,6.0,True,5.0,Morning,Low
230,2023-11-12,16,Support,12,0.0,False,3.0,Morning,High
231,2023-12-11,16,Complaint,35,0.0,True,5.0,Morning,Low
232,2023-04-06,36,Sales,2,1.0,True,4.0,Afternoon,Medium
233,2023-01-03,18,Support,9,1.0,True,3.0,Afternoon,High
234,2023-11-11,3,Support,4,3.0,False,4.0,Afternoon,Low
236,2023-06-04,24,Support,3,7.0,False,4.0,Morning,Low
237,2023-06-26,29,Complaint,1,0.0,True,4.0,Evening,Low
238,2023-04-14,31,Inquiry,13,0.0,True,5.0,Morning,High
239,2023-06-09,8,Sales,13,2.0,False,2.0,Afternoon,Low
240,2023-04-24,8,Support,5,4.0,True,4.0,Afternoon,Medium
241,2023-02-02,2,Support,7,5.0,False,3.0,Evening,Low
242,2023-10-14,19,Support,16,13.0,False,3.0,Morning,Medium
243,2023-02-07,9,Sales,7,2.0,True,4.0,Morning,Low
244,2023-11-23,28,Inquiry,1,7.0,True,2.0,Afternoon,Low
245,2023-10-16,4,Complaint,12,5.0,True,4.0,Evening,High
246,2023-12-26,3,Complaint,5,0.0,True,1.0,Afternoon,High
248,2023-10-15,13,Inquiry,7,8.0,False,4.0,Morning,Medium
249,2023-05-17,38,Inquiry,7,1.0,True,5.0,Evening,Low
250,2023-07-08,19,Support,3,2.0,True,3.0,Afternoon,Low
252,2023-01-16,5,Support,8,0.0,False,3.0,Afternoon,Medium
253,2023-08-19,35,Sales,4,4.0,False,5.0,Evening,Medium
254,2023-02-06,7,Inquiry,5,6.0,True,4.0,Morning,Low
255,2023-06-30,9,Complaint,11,1.0,True,4.0,Morning,Medium
256,2023-12-11,38,Support,4,1.0,True,5.0,Morning,Medium
257,2023-06-10,24,Complaint,3,2.0,True,4.0,Evening,Medium
258,2023-10-04,2,Inquiry,7,0.0,True,5.0,Evening,Medium
259,2023-02-27,37,Complaint,9,2.0,True,3.0,Afternoon,High
260,2023-05-19,4,Support,4,3.0,True,3.0,Afternoon,Low
261,2023-08-03,36,Support,3,4.0,True,5.0,Evening,Medium
262,2023-08-01,26,Support,26,0.0,False,5.0,Afternoon,Medium
263,2023-10-22,27,Complaint,16,0.0,True,4.0,Morning,Low
264,2023-04-24,36,Complaint,5,2.0,False,5.0,Afternoon,Low
265,2023-12-18,6,Support,1,1.0,True,4.0,Afternoon,Medium
266,2023-10-23,36,Complaint,6,1.0,True,4.0,Morning,High
267,2023-12-17,6,Support,20,5.0,True,2.0,Evening,Medium
268,2023-08-25,26,Inquiry,4,1.0,False,5.0,Afternoon,Medium
269,2023-01-29,11,Support,16,4.0,True,3.0,Morning,Medium
270,2023-07-31,24,Support,1,1.0,True,2.0,Evening,Low
271,2023-04-06,29,Inquiry,12,10.0,False,4.0,Evening,Low
272,2023-07-07,28,Inquiry,7,6.0,False,5.0,Afternoon,Low
273,2023-12-18,14,Inquiry,5,2.0,True,5.0,Afternoon,Low
274,2023-10-04,26,Support,5,3.0,False,3.0,Afternoon,Medium
275,2023-05-03,10,Support,9,1.0,False,5.0,Afternoon,Low
276,2023-03-07,5,Sales,18,13.0,True,4.0,Afternoon,Medium
277,2023-11-17,7,Support,5,2.0,True,3.0,Afternoon,Medium
278,2023-08-20,28,Sales,17,1.0,False,5.0,Morning,Low
279,2023-11-21,32,Complaint,3,3.0,True,4.0,Morning,High
280,2023-11-30,39,Support,5,2.0,False,4.0,Morning,High
281,2023-03-02,28,Support,9,1.0,True,3.0,Morning,Low
282,2023-01-10,25,Support,14,2.0,True,4.0,Afternoon,Medium
283,2023-08-19,28,Support,7,0.0,True,3.0,Morning,Low
284,2023-07-24,21,Inquiry,3,2.0,True,5.0,Morning,Low
285,2023-10-17,30,Sales,22,2.0,True,3.0,Morning,High
286,2023-01-08,35,Support,12,0.0,True,5.0,Morning,Medium
287,2023-06-20,38,Support,11,0.0,True,4.0,Morning,Low
288,2023-02-02,22,Support,2,1.0,False,4.0,Afternoon,Medium
290,2023-08-06,32,Complaint,16,5.0,True,4.0,Afternoon,Medium
291,2023-09-07,26,Sales,4,1.0,False,2.0,Morning,Low
292,2023-08-21,36,Support,8,2.0,True,5.0,Morning,High
293,2023-03-16,38,Support,30,2.0,True,3.0,Morning,Medium
295,2023-01-22,25,Sales,5,0.0,False,4.0,Afternoon,Medium
296,2023-06-16,8,Sales,8,3.0,True,1.0,Morning,Medium
297,2023-03-28,33,Support,13,1.0,True,5.0,Afternoon,Medium
298,2023-05-10,39,Support,1,2.0,True,2.0,Afternoon,Low
299,2023-02-21,18,Complaint,1,4.0,True,5.0,Afternoon,Low
300,2023-11-02,34,Complaint,9,0.0,False,5.0,Morning,Low
301,2023-11-08,7,Inquiry,2,0.0,True,4.0,Afternoon,High
302,2023-12-16,1,Complaint,3,1.0,True,4.0,Morning,Low
303,2023-12-25,37,Complaint,5,1.0,True,5.0,Morning,Low
304,2023-01-20,31,Support,5,8.0,True,3.0,Evening,Medium
305,2023-05-31,4,Complaint,14,0.0,False,3.0,Morning,High
306,2023-04-24,33,Support,2,4.0,True,5.0,Morning,Low
307,2023-07-17,32,Support,1,1.0,True,3.0,Evening,Medium
308,2023-04-23,2,Support,16,4.0,True,5.0,Morning,Medium
309,2023-09-28,35,Support,22,1.0,False,5.0,Morning,Low
310,2023-03-10,5,Inquiry,29,0.0,True,2.0,Morning,Medium
312,2023-11-23,21,Complaint,17,0.0,True,1.0,Evening,Medium
313,2023-11-07,11,Sales,6,3.0,False,4.0,Afternoon,Low
314,2023-10-14,19,Support,14,0.0,True,5.0,Morning,Low
315,2023-09-10,12,Complaint,4,3.0,True,4.0,Morning,Medium
316,2023-10-29,6,Complaint,14,0.0,True,3.0,Morning,Low
317,2023-02-13,24,Support,18,3.0,True,5.0,Morning,Medium
318,2023-06-03,13,Support,1,7.0,True,1.0,Evening,Medium
319,2023-11-15,20,Inquiry,3,2.0,True,1.0,Evening,Low
320,2023-05-04,35,Inquiry,7,0.0,True,5.0,Afternoon,Medium
321,2023-08-19,26,Sales,16,4.0,True,2.0,Morning,High
322,2023-02-05,6,Inquiry,9,5.0,True,5.0,Evening,Medium
323,2023-12-23,13,Complaint,17,6.0,True,3.0,Morning,Low
324,2023-12-14,9,Sales,12,1.0,True,5.0,Afternoon,High
325,2023-10-18,14,Support,19,0.0,True,4.0,Morning,Low
326,2023-12-05,3,Sales,13,3.0,False,3.0,Afternoon,Low
327,2023-06-07,16,Sales,4,1.0,True,5.0,Morning,Medium
328,2023-08-07,12,Support,5,0.0,False,5.0,Afternoon,Medium
329,2023-09-03,37,Sales,2,0.0,True,2.0,Afternoon,Low
330,2023-05-20,36,Sales,4,1.0,True,3.0,Afternoon,Medium
332,2023-09-13,27,Complaint,14,2.0,False,4.0,Afternoon,Low
333,2023-10-15,19,Support,10,6.0,True,3.0,Morning,Low
335,2023-11-11,4,Support,22,11.0,True,5.0,Afternoon,Low
336,2023-02-12,23,Support,19,1.0,True,4.0,Afternoon,Low
337,2023-01-15,34,Support,19,2.0,True,5.0,Evening,High
338,2023-07-14,13,Sales,13,3.0,True,5.0,Afternoon,High
339,2023-04-25,25,Complaint,19,0.0,True,5.0,Afternoon,Medium
340,2023-06-27,26,Complaint,7,0.0,False,4.0,Afternoon,High
341,2023-12-13,2,Sales,10,0.0,True,4.0,Evening,Medium
342,2023-07-05,14,Sales,27,1.0,True,1.0,Evening,Low
343,2023-09-02,12,Support,20,0.0,True,1.0,Morning,Medium
344,2023-06-16,26,Support,5,4.0,True,3.0,Afternoon,Low
345,2023-09-08,28,Complaint,13,0.0,False,4.0,Afternoon,Low
346,2023-04-30,38,Support,3,3.0,True,4.0,Afternoon,Medium
347,2023-02-06,10,Support,11,0.0,True,4.0,Afternoon,Low
348,2023-08-24,12,Complaint,20,0.0,True,4.0,Morning,Medium
349,2023-08-11,9,Complaint,9,8.0,True,5.0,Afternoon,High
350,2023-03-23,9,Support,7,5.0,True,5.0,Afternoon,High
351,2023-01-02,27,Sales,3,1.0,True,5.0,Afternoon,Medium
352,2023-12-14,22,Support,5,1.0,True,3.0,Morning,Low
353,2023-05-19,24,Inquiry,4,7.0,False,5.0,Evening,Low
354,2023-04-19,22,Inquiry,15,2.0,True,1.0,Morning,Medium
355,2023-03-10,22,Inquiry,7,0.0,True,3.0,Morning,Low
356,2023-09-24,4,Inquiry,4,1.0,False,3.0,Afternoon,High
357,2023-10-20,31,Complaint,20,0.0,True,4.0,Afternoon,Medium
359,2023-06-15,35,Sales,26,3.0,True,4.0,Morning,Medium
360,2023-07-20,1,Sales,17,4.0,False,5.0,Morning,High
361,2023-01-03,24,Inquiry,6,9.0,True,4.0,Morning,Low
362,2023-05-23,34,Support,16,2.0,True,4.0,Afternoon,Medium
363,2023-02-26,29,Sales,2,2.0,True,3.0,Afternoon,High
364,2023-10-26,38,Support,4,1.0,True,5.0,Afternoon,Low
365,2023-08-23,7,Support,2,4.0,True,5.0,Afternoon,Medium
366,2023-12-01,20,Support,26,0.0,True,5.0,Afternoon,High
367,2023-07-14,15,Support,7,0.0,False,4.0,Morning,Medium
368,2023-05-16,4,Support,11,3.0,True,3.0,Afternoon,Low
369,2023-11-05,4,Complaint,8,5.0,True,5.0,Morning,Low
370,2023-07-25,29,Sales,3,3.0,True,5.0,Morning,Low
371,2023-09-29,19,Inquiry,7,3.0,True,4.0,Afternoon,Low
372,2023-12-04,28,Support,15,5.0,True,2.0,Afternoon,Medium
373,2023-10-24,7,Complaint,6,0.0,True,4.0,Evening,Medium
374,2023-06-18,36,Support,12,7.0,True,2.0,Morning,Low
375,2023-07-02,30,Complaint,26,9.0,True,4.0,Morning,Low
376,2023-07-09,16,Sales,13,4.0,False,4.0,Afternoon,Low
377,2023-12-14,35,Support,5,1.0,True,4.0,Evening,Low
379,2023-06-03,17,Support,3,0.0,True,4.0,Morning,Low
381,2023-12-08,14,Complaint,15,0.0,True,4.0,Evening,High
382,2023-01-11,36,Inquiry,16,0.0,True,4.0,Morning,Medium
383,2023-09-09,29,Inquiry,17,0.0,False,2.0,Afternoon,High
384,2023-02-05,1,Sales,7,3.0,True,5.0,Evening,Medium
386,2023-06-20,5,Sales,6,2.0,True,5.0,Afternoon,Medium
389,2023-05-21,33,Complaint,8,5.0,False,4.0,Afternoon,Low
390,2023-10-13,12,Sales,1,0.0,True,5.0,Afternoon,Low
391,2023-01-16,27,Inquiry,3,3.0,False,4.0,Morning,Low
392,2023-12-28,18,Support,3,6.0,True,5.0,Evening,Medium
393,2023-02-09,36,Support,8,4.0,True,4.0,Evening,Medium
394,2023-10-26,17,Complaint,6,4.0,False,4.0,Afternoon,Medium
395,2023-01-19,35,Sales,12,8.0,True,4.0,Evening,Medium
396,2023-07-21,38,Support,1,1.0,True,4.0,Afternoon,High
397,2023-04-05,35,Support,6,0.0,True,3.0,Afternoon,Medium
398,2023-05-17,39,Complaint,12,2.0,True,2.0,Afternoon,Medium
399,2023-01-06,34,Sales,2,1.0,True,5.0,Evening,Low
400,2023-07-28,17,Support,4,0.0,True,5.0,Morning,Medium
401,2023-12-06,2,Inquiry,16,0.0,True,5.0,Afternoon,Low
402,2023-08-19,30,Support,1,0.0,True,2.0,Evening,Medium
403,2023-12-14,20,Sales,9,0.0,True,1.0,Morning,Medium
404,2023-06-28,27,Inquiry,10,10.0,True,4.0,Morning,Low
405,2023-03-29,39,Inquiry,6,2.0,True,4.0,Afternoon,Low
406,2023-06-02,34,Complaint,14,0.0,True,4.0,Morning,Medium
407,2023-05-05,24,Inquiry,2,1.0,True,1.0,Morning,Medium
408,2023-08-04,33,Sales,4,5.0,False,5.0,Evening,High
409,2023-07-19,14,Complaint,3,4.0,True,2.0,Morning,Medium
410,2023-02-28,22,Sales,1,17.0,True,4.0,Morning,Low
411,2023-07-08,7,Support,15,1.0,True,4.0,Morning,Low
412,2023-04-15,28,Complaint,5,1.0,True,4.0,Morning,Low
413,2023-02-27,14,Sales,8,0.0,True,3.0,Evening,Low
414,2023-06-18,10,Sales,1,5.0,True,2.0,Morning,High
415,2023-04-14,18,Inquiry,9,2.0,True,5.0,Afternoon,Medium
416,2023-06-09,33,Support,8,1.0,False,4.0,Afternoon,Medium
417,2023-08-24,18,Complaint,9,0.0,True,4.0,Afternoon,High
419,2023-03-14,11,Sales,21,3.0,False,5.0,Morning,Low
420,2023-03-09,23,Support,4,0.0,True,2.0,Afternoon,High
422,2023-06-21,32,Sales,3,2.0,True,2.0,Afternoon,Medium
423,2023-09-19,1,Sales,7,0.0,True,5.0,Morning,Medium
424,2023-06-23,39,Support,3,0.0,True,4.0,Afternoon,Low
425,2023-09-24,12,Support,5,4.0,True,5.0,Morning,Medium
426,2023-12-27,38,Complaint,3,0.0,True,3.0,Evening,Medium
427,2023-03-03,22,Support,13,0.0,False,4.0,Afternoon,Low
428,2023-11-15,9,Support,1,3.0,True,3.0,Morning,Low
430,2023-03-21,21,Support,11,6.0,False,4.0,Morning,Low
431,2023-01-30,36,Sales,11,1.0,True,4.0,Evening,Medium
432,2023-10-01,35,Complaint,18,11.0,True,3.0,Afternoon,High
433,2023-05-01,7,Support,24,1.0,True,2.0,Evening,Medium
434,2023-03-07,19,Sales,6,1.0,True,5.0,Evening,Medium
435,2023-05-06,5,Complaint,10,2.0,True,3.0,Morning,Low
436,2023-04-26,31,Sales,10,0.0,True,5.0,Afternoon,High
437,2023-08-13,14,Support,10,2.0,True,4.0,Evening,Medium
438,2023-01-13,1,Sales,9,2.0,True,2.0,Afternoon,Medium
440,2023-04-19,39,Support,30,0.0,False,5.0,Afternoon,Low
441,2023-10-12,13,Sales,4,5.0,False,4.0,Evening,High
442,2023-03-19,36,Support,4,0.0,True,4.0,Evening,Low
443,2023-07-18,8,Support,10,3.0,True,4.0,Morning,Low
444,2023-07-15,25,Complaint,3,2.0,False,2.0,Morning,Medium
445,2023-03-24,39,Complaint,15,5.0,False,5.0,Morning,High
446,2023-08-07,17,Inquiry,2,6.0,True,4.0,Evening,Medium
448,2023-02-19,38,Support,24,1.0,True,4.0,Afternoon,Low
450,2023-08-09,5,Support,7,5.0,True,4.0,Evening,Medium
451,2023-10-08,17,Inquiry,11,4.0,True,4.0,Afternoon,Low
452,2023-12-28,18,Support,12,5.0,True,4.0,Afternoon,Medium
453,2023-10-02,5,Support,4,0.0,True,5.0,Evening,Medium
454,2023-06-29,14,Complaint,3,1.0,True,4.0,Morning,Low
455,2023-06-15,22,Sales,6,4.0,True,5.0,Afternoon,Medium
456,2023-05-24,19,Sales,2,9.0,True,5.0,Evening,Medium
457,2023-05-26,8,Sales,11,1.0,True,1.0,Morning,Medium
458,2023-07-30,15,Support,6,4.0,True,2.0,Afternoon,Medium
460,2023-04-13,4,Sales,10,2.0,True,3.0,Afternoon,Medium
461,2023-01-17,19,Support,8,3.0,True,4.0,Evening,Medium
462,2023-11-24,11,Complaint,5,10.0,True,3.0,Afternoon,Medium
464,2023-09-26,20,Sales,6,1.0,True,3.0,Afternoon,Low
466,2023-06-05,13,Support,13,3.0,True,4.0,Afternoon,Medium
467,2023-03-23,30,Support,5,3.0,True,5.0,Morning,Low
468,2023-11-02,38,Support,38,0.0,False,4.0,Afternoon,Low
469,2023-09-08,25,Sales,6,5.0,False,5.0,Afternoon,High
470,2023-06-23,11,Support,8,6.0,False,4.0,Afternoon,Low
471,2023-04-16,5,Inquiry,4,10.0,True,3.0,Morning,Low
472,2023-11-09,37,Inquiry,20,0.0,True,2.0,Evening,Low
473,2023-06-17,21,Support,5,3.0,True,5.0,Morning,Low
474,2023-09-25,19,Inquiry,25,1.0,False,3.0,Afternoon,Low
475,2023-07-05,14,Support,15,1.0,True,4.0,Evening,Low
477,2023-08-11,15,Complaint,5,0.0,True,5.0,Afternoon,High
480,2023-04-12,24,Inquiry,3,0.0,True,3.0,Afternoon,Low
481,2023-11-19,31,Sales,1,3.0,False,1.0,Afternoon,High
482,2023-09-30,35,Support,2,2.0,False,4.0,Morning,Low
483,2023-07-01,27,Support,7,9.0,True,3.0,Afternoon,Low
484,2023-12-17,17,Sales,3,10.0,True,4.0,Morning,Medium
485,2023-04-02,19,Sales,11,0.0,True,4.0,Morning,Low
486,2023-12-23,15,Sales,11,2.0,True,3.0,Evening,Medium
487,2023-04-20,16,Sales,4,2.0,True,1.0,Evening,High
488,2023-03-07,14,Sales,10,11.0,False,3.0,Morning,Low
490,2023-05-01,7,Complaint,3,0.0,True,4.0,Afternoon,Medium
491,2023-02-13,1,Inquiry,12,1.0,True,4.0,Afternoon,Low
492,2023-04-13,27,Complaint,10,1.0,True,3.0,Afternoon,Low
493,2023-04-26,30,Sales,21,0.0,True,4.0,Evening,Medium
494,2023-05-12,24,Sales,1,3.0,True,3.0,Evening,Low
495,2023-04-03,30,Sales,5,3.0,True,3.0,Evening,Low
496,2023-01-17,19,Support,17,1.0,True,5.0,Evening,Medium
498,2023-05-10,14,Complaint,8,3.0,True,4.0,Evening,Low
499,2023-09-28,12,Support,4,2.0,True,4.0,Morning,Low
501,2023-11-04,9,Support,2,0.0,False,5.0,Morning,Medium
502,2023-10-18,5,Inquiry,15,0.0,True,4.0,Afternoon,Low
503,2023-07-11,35,Inquiry,3,1.0,False,4.0,Evening,Low
504,2023-09-04,37,Inquiry,7,0.0,True,2.0,Morning,Medium
505,2023-11-23,8,Support,3,8.0,True,1.0,Morning,Medium
506,2023-03-07,29,Inquiry,17,3.0,True,5.0,Evening,Medium
507,2023-10-08,1,Sales,15,1.0,True,3.0,Afternoon,Medium
508,2023-12-29,38,Support,1,1.0,True,3.0,Afternoon,Medium
509,2023-04-13,9,Sales,9,0.0,True,5.0,Morning,Medium
510,2023-10-11,35,Complaint,8,0.0,True,3.0,Morning,Low
511,2023-04-14,10,Complaint,12,0.0,True,5.0,Evening,Low
512,2023-01-26,18,Sales,21,0.0,False,4.0,Morning,Medium
513,2023-01-22,14,Sales,1,0.0,False,4.0,Morning,Low
514,2023-10-11,11,Complaint,9,6.0,True,5.0,Morning,Low
515,2023-06-06,37,Inquiry,15,2.0,False,5.0,Morning,Low
516,2023-08-02,18,Sales,15,3.0,True,4.0,Evening,High
519,2023-09-30,19,Support,19,2.0,False,4.0,Morning,Low
520,2023-11-06,31,Complaint,10,7.0,True,5.0,Morning,Low
521,2023-10-11,34,Sales,1,1.0,True,4.0,Afternoon,Medium
522,2023-03-25,34,Sales,2,0.0,True,2.0,Morning,Medium
523,2023-02-01,33,Support,4,1.0,False,2.0,Morning,Low
524,2023-02-10,36,Complaint,15,0.0,True,4.0,Afternoon,Medium
525,2023-07-26,30,Inquiry,4,2.0,True,4.0,Afternoon,Low
526,2023-10-08,21,Sales,9,0.0,True,3.0,Evening,Low
527,2023-04-19,39,Support,8,7.0,True,5.0,Afternoon,Low
528,2023-11-10,19,Complaint,7,0.0,True,5.0,Afternoon,High
529,2023-06-25,38,Sales,13,2.0,True,5.0,Afternoon,High
530,2023-01-01,32,Support,6,2.0,True,2.0,Morning,Low
531,2023-07-05,36,Complaint,3,0.0,True,2.0,Afternoon,Medium
532,2023-01-23,20,Inquiry,12,10.0,True,5.0,Afternoon,Medium
533,2023-12-29,32,Sales,5,1.0,True,3.0,Morning,Medium
534,2023-06-28,35,Complaint,1,0.0,True,4.0,Evening,Medium
535,2023-03-07,12,Support,10,0.0,True,4.0,Afternoon,Medium
536,2023-09-12,25,Support,21,2.0,True,1.0,Afternoon,Low
537,2023-03-22,29,Support,6,0.0,False,1.0,Morning,Low
539,2023-05-15,33,Support,10,0.0,False,4.0,Morning,Medium
540,2023-08-19,18,Support,30,12.0,True,5.0,Morning,High
541,2023-12-25,36,Sales,11,2.0,True,4.0,Morning,High
542,2023-05-15,28,Complaint,10,0.0,False,3.0,Morning,Medium
543,2023-09-12,30,Complaint,13,10.0,False,2.0,Morning,Low
544,2023-02-27,9,Sales,6,2.0,True,5.0,Evening,Low
545,2023-10-21,36,Inquiry,3,3.0,False,4.0,Afternoon,High
546,2023-03-28,3,Support,8,1.0,False,4.0,Morning,Low
547,2023-03-27,39,Support,19,0.0,True,5.0,Morning,Medium
548,2023-12-05,24,Support,11,0.0,False,3.0,Afternoon,Low
549,2023-05-22,16,Support,2,2.0,True,5.0,Morning,Low
550,2023-10-27,33,Sales,16,3.0,False,3.0,Afternoon,Low
551,2023-12-17,2,Complaint,9,4.0,True,1.0,Evening,Medium
553,2023-04-11,39,Support,2,10.0,False,5.0,Morning,Low
554,2023-11-25,3,Complaint,2,0.0,True,3.0,Morning,Medium
555,2023-07-14,4,Support,5,11.0,True,2.0,Morning,Medium
556,2023-11-20,36,Support,6,7.0,True,5.0,Morning,Low
557,2023-05-14,31,Sales,2,2.0,False,4.0,Morning,Low
558,2023-12-05,18,Inquiry,13,0.0,True,4.0,Morning,Low
559,2023-04-11,35,Inquiry,7,3.0,True,2.0,Afternoon,Medium
560,2023-06-07,24,Complaint,8,2.0,True,5.0,Afternoon,High
561,2023-08-31,34,Sales,45,7.0,True,4.0,Morning,Medium
562,2023-06-09,9,Support,3,0.0,True,4.0,Morning,Medium
563,2023-01-05,21,Support,12,1.0,False,4.0,Afternoon,High
564,2023-11-08,6,Complaint,20,4.0,True,2.0,Afternoon,Medium
566,2023-11-08,22,Inquiry,5,0.0,True,4.0,Afternoon,Medium
568,2023-04-29,36,Support,9,10.0,True,5.0,Morning,Medium
569,2023-09-09,11,Support,10,0.0,True,5.0,Evening,Medium
570,2023-08-14,21,Sales,7,4.0,True,4.0,Afternoon,Medium
571,2023-10-25,38,Support,10,1.0,True,3.0,Afternoon,High
572,2023-10-17,7,Support,13,0.0,True,5.0,Morning,Medium
573,2023-12-28,21,Sales,4,0.0,True,5.0,Morning,High
574,2023-04-23,3,Inquiry,32,1.0,True,5.0,Morning,Medium
575,2023-03-09,35,Support,6,0.0,True,2.0,Evening,Medium
576,2023-05-16,1,Sales,11,3.0,False,2.0,Afternoon,Low
577,2023-10-07,11,Sales,9,0.0,False,4.0,Afternoon,Low
578,2023-03-17,4,Sales,10,4.0,True,3.0,Morning,Medium
579,2023-12-31,35,Sales,6,0.0,True,4.0,Morning,Low
580,2023-01-13,31,Support,24,1.0,True,5.0,Evening,Medium
581,2023-01-04,30,Support,5,2.0,True,3.0,Evening,Low
582,2023-07-17,30,Support,7,8.0,True,3.0,Afternoon,Medium
584,2023-04-25,22,Complaint,5,0.0,True,2.0,Afternoon,Low
585,2023-04-25,2,Sales,8,3.0,True,3.0,Evening,Low
586,2023-01-26,30,Inquiry,5,2.0,True,4.0,Afternoon,Low
587,2023-01-30,19,Complaint,48,1.0,True,5.0,Morning,Medium
588,2023-01-31,23,Complaint,12,4.0,True,5.0,Evening,Low
589,2023-06-01,17,Sales,4,0.0,False,3.0,Evening,Low
590,2023-11-02,23,Sales,16,0.0,True,4.0,Morning,Medium
591,2023-10-23,5,Complaint,15,2.0,False,1.0,Afternoon,Low
592,2023-04-12,5,Complaint,13,2.0,True,2.0,Evening,Low
593,2023-03-23,22,Inquiry,2,2.0,True,5.0,Afternoon,Medium
594,2023-06-14,17,Support,18,2.0,True,4.0,Morning,Low
595,2023-10-30,37,Support,7,1.0,True,5.0,Afternoon,Low
596,2023-12-03,13,Inquiry,12,0.0,True,4.0,Evening,Low
597,2023-07-13,38,Sales,7,2.0,False,4.0,Morning,Low
598,2023-02-04,35,Complaint,20,0.0,True,2.0,Afternoon,High
599,2023-06-11,6,Inquiry,3,8.0,True,4.0,Evening,Low
600,2023-09-13,20,Inquiry,5,5.0,True,4.0,Afternoon,Medium
601,2023-08-06,23,Sales,7,0.0,False,5.0,Afternoon,Low
603,2023-06-28,4,Inquiry,6,3.0,True,4.0,Morning,Low
604,2023-09-16,14,Complaint,6,3.0,False,5.0,Afternoon,Low
605,2023-01-08,1,Support,12,3.0,False,5.0,Morning,Low
606,2023-06-29,30,Inquiry,12,0.0,False,4.0,Afternoon,Medium
607,2023-04-27,17,Complaint,11,2.0,True,4.0,Morning,Medium
608,2023-04-07,20,Inquiry,21,0.0,False,2.0,Morning,Low
609,2023-01-21,36,Support,4,1.0,True,3.0,Afternoon,Low
610,2023-05-11,15,Sales,14,6.0,True,5.0,Morning,Low
611,2023-01-14,19,Support,2,4.0,True,4.0,Morning,Low
612,2023-10-17,33,Inquiry,21,6.0,True,4.0,Afternoon,Low
613,2023-08-27,9,Support,12,2.0,True,5.0,Morning,Low
615,2023-11-12,35,Support,11,1.0,False,5.0,Morning,Low
616,2023-03-09,15,Complaint,25,0.0,False,4.0,Evening,Low
617,2023-08-02,36,Inquiry,1,0.0,True,3.0,Morning,Low
618,2023-11-04,39,Support,7,2.0,False,2.0,Evening,High
619,2023-06-02,25,Support,5,1.0,False,3.0,Evening,Low
620,2023-02-22,22,Support,23,0.0,True,4.0,Afternoon,Low
621,2023-05-13,8,Complaint,12,3.0,False,3.0,Afternoon,High
622,2023-01-23,6,Complaint,11,0.0,True,2.0,Afternoon,Medium
623,2023-03-30,20,Inquiry,10,0.0,False,5.0,Morning,Low
624,2023-07-25,10,Support,1,0.0,False,2.0,Evening,High
625,2023-08-26,22,Complaint,4,1.0,True,4.0,Morning,Medium
626,2023-02-26,13,Support,7,8.0,True,5.0,Afternoon,Low
627,2023-03-30,9,Complaint,5,5.0,False,3.0,Afternoon,Medium
628,2023-03-21,36,Support,2,3.0,False,5.0,Evening,Medium
629,2023-01-30,26,Sales,11,3.0,True,2.0,Afternoon,Medium
630,2023-01-15,9,Support,8,3.0,True,1.0,Evening,Low
631,2023-12-12,16,Complaint,3,4.0,True,5.0,Afternoon,Medium
632,2023-12-13,21,Inquiry,8,14.0,True,2.0,Morning,Low
634,2023-07-21,14,Sales,3,0.0,True,2.0,Evening,Low
635,2023-11-23,16,Complaint,8,0.0,True,4.0,Afternoon,Medium
637,2023-06-16,23,Sales,7,2.0,True,5.0,Evening,Medium
638,2023-05-05,14,Support,5,1.0,True,3.0,Afternoon,Medium
639,2023-11-10,7,Inquiry,10,0.0,False,5.0,Afternoon,Low
641,2023-05-30,30,Complaint,11,2.0,True,5.0,Afternoon,High
642,2023-09-16,19,Complaint,2,1.0,True,5.0,Evening,Medium
643,2023-05-28,7,Sales,10,1.0,True,4.0,Afternoon,Low
644,2023-08-16,31,Support,10,2.0,True,4.0,Afternoon,Medium
645,2023-06-07,20,Complaint,11,2.0,True,2.0,Afternoon,Low
646,2023-09-01,23,Inquiry,1,6.0,True,5.0,Morning,Low
647,2023-09-03,30,Complaint,15,1.0,False,5.0,Morning,High
648,2023-07-15,9,Support,6,7.0,True,4.0,Morning,Low
649,2023-06-05,38,Support,21,2.0,True,5.0,Morning,High
650,2023-05-17,24,Sales,2,2.0,False,4.0,Afternoon,Low
651,2023-06-10,4,Complaint,18,2.0,True,3.0,Morning,Medium
652,2023-07-15,6,Support,11,3.0,False,4.0,Evening,Low
653,2023-10-22,25,Inquiry,10,3.0,True,5.0,Evening,High
654,2023-08-14,13,Sales,21,3.0,False,2.0,Morning,Medium
655,2023-09-05,22,Support,8,0.0,True,4.0,Evening,High
656,2023-11-09,37,Support,10,4.0,True,3.0,Morning,Low
657,2023-05-24,9,Support,8,1.0,True,5.0,Afternoon,High
658,2023-06-09,25,Inquiry,19,0.0,True,5.0,Evening,Medium
659,2023-04-17,38,Sales,1,0.0,True,5.0,Morning,Medium
660,2023-03-01,8,Support,15,3.0,False,5.0,Evening,Low
661,2023-01-22,24,Support,3,5.0,True,5.0,Afternoon,High
662,2023-09-15,19,Support,21,1.0,True,5.0,Afternoon,Low
663,2023-03-19,14,Sales,37,0.0,True,4.0,Morning,Medium
664,2023-11-20,7,Support,10,1.0,True,5.0,Afternoon,Low
665,2023-04-01,19,Support,4,0.0,True,2.0,Afternoon,Low
666,2023-10-17,7,Support,15,3.0,True,2.0,Evening,Medium
667,2023-01-05,14,Inquiry,10,12.0,True,4.0,Afternoon,Low
668,2023-11-10,25,Complaint,10,0.0,True,4.0,Evening,Low
669,2023-12-25,15,Support,4,1.0,True,5.0,Afternoon,Low
670,2023-07-13,26,Support,13,2.0,True,5.0,Morning,Low
671,2023-09-11,34,Sales,15,0.0,True,4.0,Afternoon,Medium
672,2023-12-27,34,Sales,12,4.0,True,2.0,Afternoon,High
673,2023-12-16,8,Sales,2,4.0,True,4.0,Afternoon,Medium
674,2023-09-12,3,Sales,7,0.0,True,2.0,Afternoon,Low
675,2023-11-11,3,Complaint,8,1.0,False,3.0,Afternoon,Medium
676,2023-04-14,16,Sales,10,9.0,True,2.0,Morning,Low
677,2023-04-16,37,Inquiry,5,0.0,True,4.0,Evening,Low
678,2023-08-04,9,Support,1,6.0,False,4.0,Afternoon,Medium
679,2023-06-09,10,Sales,7,1.0,False,5.0,Afternoon,Medium
680,2023-05-10,1,Complaint,4,0.0,True,4.0,Morning,Medium
681,2023-11-01,13,Support,1,6.0,True,3.0,Afternoon,Medium
682,2023-05-22,21,Support,17,5.0,False,4.0,Morning,Medium
684,2023-11-23,39,Complaint,6,0.0,True,1.0,Afternoon,Medium
685,2023-04-03,3,Inquiry,24,7.0,True,3.0,Afternoon,Low
686,2023-02-28,25,Support,7,5.0,False,3.0,Evening,Medium
687,2023-05-14,7,Sales,5,6.0,True,5.0,Afternoon,High
688,2023-10-19,5,Support,1,1.0,False,1.0,Afternoon,Medium
689,2023-02-16,8,Support,3,7.0,False,4.0,Afternoon,High
690,2023-09-29,23,Support,8,0.0,True,5.0,Afternoon,Medium
691,2023-11-11,39,Support,27,5.0,True,3.0,Morning,Medium
692,2023-04-02,30,Complaint,11,1.0,True,5.0,Evening,Medium
693,2023-12-01,36,Complaint,6,5.0,False,4.0,Afternoon,Low
695,2023-01-30,2,Support,11,1.0,False,5.0,Morning,Medium
696,2023-05-30,18,Complaint,1,4.0,False,4.0,Afternoon,Medium
697,2023-05-24,25,Support,9,1.0,True,4.0,Afternoon,High
698,2023-10-18,13,Support,16,2.0,True,4.0,Afternoon,Medium
699,2023-04-01,22,Sales,4,2.0,True,5.0,Afternoon,Medium
700,2023-09-15,10,Sales,6,5.0,False,5.0,Evening,Low
701,2023-01-31,2,Support,3,9.0,False,4.0,Afternoon,Medium
703,2023-12-28,22,Support,6,2.0,True,1.0,Morning,Medium
704,2023-10-13,10,Complaint,8,1.0,True,4.0,Evening,Low
705,2023-10-20,5,Support,16,1.0,True,4.0,Morning,Low
706,2023-02-18,12,Complaint,8,4.0,False,4.0,Evening,Low
707,2023-04-24,22,Sales,15,4.0,True,2.0,Evening,Medium
708,2023-10-25,34,Inquiry,13,3.0,True,4.0,Afternoon,High
709,2023-04-20,30,Sales,1,0.0,False,4.0,Afternoon,Medium
710,2023-04-01,19,Complaint,12,4.0,False,4.0,Evening,Low
711,2023-05-06,23,Support,12,6.0,True,3.0,Afternoon,Medium
712,2023-09-07,15,Sales,3,8.0,False,4.0,Evening,Low
713,2023-08-21,17,Sales,5,1.0,True,4.0,Afternoon,Low
714,2023-05-03,10,Inquiry,4,1.0,True,5.0,Evening,High
715,2023-04-29,35,Complaint,14,5.0,True,5.0,Morning,Medium
716,2023-07-18,19,Complaint,16,1.0,True,4.0,Afternoon,Medium
717,2023-03-12,32,Support,6,5.0,False,3.0,Morning,Low
718,2023-06-30,34,Complaint,8,5.0,True,4.0,Afternoon,Low
719,2023-07-30,16,Support,9,1.0,True,3.0,Morning,High
720,2023-12-19,9,Inquiry,18,22.0,True,2.0,Evening,Low
721,2023-04-08,5,Sales,10,1.0,True,4.0,Afternoon,Low
722,2023-04-18,20,Inquiry,19,1.0,True,4.0,Afternoon,High
723,2023-08-05,10,Inquiry,16,1.0,True,2.0,Morning,High
724,2023-01-31,16,Complaint,13,0.0,True,5.0,Morning,Low
725,2023-10-22,35,Inquiry,6,8.0,True,3.0,Morning,Medium
726,2023-07-08,25,Support,9,2.0,True,2.0,Afternoon,Medium
728,2023-07-20,35,Support,4,1.0,True,3.0,Afternoon,Low
729,2023-06-15,31,Complaint,4,0.0,True,4.0,Afternoon,Low
730,2023-03-28,14,Complaint,8,6.0,False,5.0,Evening,Low
731,2023-02-25,29,Support,10,4.0,False,4.0,Morning,High
732,2023-05-20,3,Support,26,3.0,True,4.0,Afternoon,Medium
733,2023-09-19,5,Support,3,8.0,True,4.0,Afternoon,Low
734,2023-09-05,37,Sales,12,0.0,True,3.0,Afternoon,Low
735,2023-09-09,8,Support,8,0.0,True,4.0,Afternoon,High
736,2023-10-31,32,Inquiry,9,0.0,True,5.0,Afternoon,Medium
737,2023-08-12,10,Complaint,19,0.0,False,4.0,Morning,Medium
738,2023-07-16,30,Sales,10,3.0,True,5.0,Afternoon,Low
739,2023-03-16,14,Sales,23,1.0,False,4.0,Morning,Low
740,2023-07-19,21,Sales,7,7.0,True,5.0,Morning,Low
741,2023-08-08,36,Support,4,5.0,True,3.0,Morning,Medium
742,2023-08-30,38,Sales,7,2.0,True,2.0,Afternoon,High
743,2023-05-20,6,Sales,8,2.0,True,3.0,Morning,Medium
744,2023-03-29,2,Inquiry,7,5.0,True,4.0,Evening,Medium
745,2023-02-19,5,Support,4,2.0,True,4.0,Evening,Low
746,2023-10-03,13,Sales,2,2.0,True,1.0,Morning,Low
747,2023-10-31,35,Inquiry,10,1.0,True,2.0,Afternoon,Low
748,2023-09-30,14,Complaint,6,0.0,False,1.0,Afternoon,Low
749,2023-05-24,27,Support,7,0.0,True,3.0,Afternoon,Medium
750,2023-07-04,39,Support,11,7.0,True,5.0,Afternoon,Low
751,2023-08-08,19,Support,20,0.0,True,5.0,Morning,Low
752,2023-12-28,1,Support,14,2.0,True,1.0,Evening,Medium
753,2023-03-15,23,Support,3,3.0,True,2.0,Evening,Low
754,2023-04-05,3,Support,12,2.0,False,2.0,Afternoon,Low
755,2023-09-29,11,Sales,11,1.0,False,4.0,Evening,High
756,2023-08-19,19,Support,5,1.0,True,4.0,Evening,Medium
757,2023-10-12,20,Sales,10,0.0,True,4.0,Morning,Low
758,2023-06-03,19,Support,6,7.0,True,5.0,Afternoon,Low
759,2023-03-28,35,Sales,6,3.0,True,5.0,Afternoon,Medium
760,2023-03-02,39,Sales,16,11.0,False,4.0,Evening,Low
761,2023-11-27,23,Complaint,2,0.0,True,3.0,Morning,Low
762,2023-06-25,28,Support,28,3.0,True,4.0,Afternoon,Medium
763,2023-01-10,31,Support,10,13.0,True,4.0,Evening,Low
764,2023-04-20,39,Complaint,2,1.0,True,4.0,Evening,Medium
765,2023-09-01,6,Support,20,2.0,False,5.0,Morning,High
766,2023-08-17,34,Complaint,3,2.0,True,2.0,Morning,Low
767,2023-11-05,13,Inquiry,5,0.0,True,4.0,Morning,Medium
768,2023-06-02,8,Support,14,1.0,True,4.0,Morning,Medium
769,2023-05-04,7,Complaint,12,1.0,True,4.0,Evening,Medium
770,2023-08-20,19,Sales,20,0.0,True,4.0,Morning,Low
771,2023-12-29,7,Support,4,0.0,False,4.0,Morning,Low
772,2023-10-11,16,Sales,14,3.0,True,4.0,Morning,Low
774,2023-11-03,22,Complaint,12,8.0,True,1.0,Morning,Medium
776,2023-08-16,8,Support,8,2.0,False,3.0,Afternoon,Low
777,2023-09-28,39,Complaint,4,2.0,False,5.0,Evening,Medium
779,2023-07-04,14,Sales,9,0.0,False,4.0,Afternoon,Low
781,2023-06-05,29,Inquiry,13,2.0,True,4.0,Evening,Low
782,2023-10-18,27,Sales,17,1.0,True,1.0,Evening,Low
783,2023-03-14,25,Complaint,5,0.0,False,3.0,Afternoon,Medium
784,2023-06-08,28,Inquiry,4,10.0,False,5.0,Afternoon,High
785,2023-10-29,30,Complaint,3,1.0,True,3.0,Morning,High
786,2023-02-24,16,Support,5,1.0,False,5.0,Morning,Low
788,2023-09-07,10,Sales,10,2.0,True,5.0,Afternoon,Medium
789,2023-06-20,9,Support,10,4.0,True,3.0,Afternoon,Medium
790,2023-08-21,32,Support,6,0.0,True,3.0,Evening,Low
791,2023-06-29,13,Support,9,3.0,False,5.0,Afternoon,Low
792,2023-08-20,18,Support,18,2.0,True,5.0,Morning,Medium
793,2023-08-08,16,Complaint,4,1.0,True,5.0,Evening,High
794,2023-07-02,23,Inquiry,5,6.0,True,4.0,Afternoon,Medium
795,2023-12-01,35,Inquiry,13,7.0,True,4.0,Morning,Low
796,2023-05-17,15,Support,19,0.0,True,4.0,Morning,Low
797,2023-05-11,23,Complaint,12,5.0,True,5.0,Evening,Medium
798,2023-08-12,34,Support,8,1.0,True,2.0,Evening,Low
799,2023-12-09,18,Sales,17,0.0,True,3.0,Afternoon,Low
800,2023-03-06,35,Complaint,9,2.0,False,5.0,Evening,Low
801,2023-12-02,36,Support,16,0.0,False,5.0,Morning,Low
802,2023-06-05,34,Sales,14,0.0,True,4.0,Afternoon,Low
803,2023-09-07,27,Sales,1,4.0,True,5.0,Afternoon,Low
804,2023-03-07,3,Complaint,12,7.0,True,5.0,Evening,Medium
806,2023-06-30,38,Sales,11,4.0,True,5.0,Afternoon,Medium
807,2023-08-23,31,Support,20,0.0,True,5.0,Evening,Medium
808,2023-08-15,28,Sales,7,7.0,True,4.0,Afternoon,Low
809,2023-09-22,15,Support,10,1.0,True,4.0,Afternoon,Medium
810,2023-07-13,24,Support,3,1.0,True,5.0,Morning,Low
811,2023-03-06,19,Sales,15,0.0,True,2.0,Morning,Low
812,2023-01-29,37,Inquiry,5,2.0,True,4.0,Afternoon,Medium
813,2023-07-29,25,Support,12,2.0,False,4.0,Morning,Low
814,2023-03-21,34,Sales,9,1.0,True,4.0,Morning,Medium
815,2023-10-17,18,Support,2,1.0,True,4.0,Morning,Low
816,2023-08-07,21,Inquiry,1,6.0,False,1.0,Evening,High
818,2023-09-17,12,Sales,2,1.0,False,5.0,Evening,Low
819,2023-09-22,26,Inquiry,25,0.0,True,4.0,Afternoon,High
821,2023-07-20,28,Inquiry,5,9.0,True,1.0,Evening,Low
822,2023-04-24,34,Support,13,1.0,True,4.0,Evening,Medium
823,2023-11-07,25,Sales,4,11.0,True,4.0,Afternoon,Medium
824,2023-07-15,20,Support,8,3.0,True,2.0,Evening,Medium
825,2023-10-04,9,Complaint,16,1.0,True,5.0,Afternoon,Low
826,2023-03-30,10,Sales,2,4.0,True,2.0,Afternoon,Low
827,2023-07-30,5,Support,8,0.0,True,4.0,Afternoon,Low
828,2023-06-10,31,Sales,11,4.0,False,5.0,Morning,High
829,2023-07-10,4,Sales,17,2.0,True,4.0,Afternoon,Low
830,2023-12-18,34,Complaint,8,2.0,True,3.0,Evening,Low
831,2023-11-16,37,Support,4,2.0,True,2.0,Afternoon,Low
832,2023-02-02,27,Complaint,16,2.0,True,2.0,Morning,Low
833,2023-05-26,16,Inquiry,3,4.0,True,4.0,Afternoon,High
834,2023-06-10,18,Sales,6,3.0,True,4.0,Afternoon,High
835,2023-08-04,11,Complaint,18,1.0,False,3.0,Morning,High
836,2023-05-22,24,Support,9,2.0,False,5.0,Evening,High
837,2023-10-27,6,Inquiry,5,3.0,True,5.0,Afternoon,High
838,2023-04-13,24,Support,17,0.0,True,4.0,Afternoon,Medium
839,2023-12-08,1,Complaint,11,6.0,True,4.0,Evening,Low
840,2023-11-22,15,Inquiry,1,0.0,True,1.0,Evening,Low
841,2023-05-08,29,Sales,7,0.0,False,4.0,Morning,Low
842,2023-02-09,1,Support,16,0.0,True,2.0,Evening,Low
843,2023-01-17,19,Sales,9,0.0,True,3.0,Evening,Medium
844,2023-09-21,21,Inquiry,14,3.0,True,4.0,Morning,Medium
845,2023-01-22,26,Sales,1,5.0,True,5.0,Morning,Medium
846,2023-12-02,33,Support,3,0.0,True,2.0,Morning,Medium
847,2023-04-14,2,Support,8,4.0,False,5.0,Afternoon,Medium
848,2023-01-23,38,Support,5,1.0,True,3.0,Evening,Low
849,2023-04-06,1,Sales,16,0.0,True,1.0,Morning,Medium
850,2023-07-06,31,Inquiry,10,4.0,True,4.0,Morning,Medium
851,2023-04-01,16,Inquiry,18,0.0,False,5.0,Evening,Low
852,2023-05-01,35,Support,2,1.0,True,5.0,Afternoon,Medium
853,2023-08-01,27,Support,2,2.0,True,3.0,Afternoon,Medium
854,2023-03-08,12,Support,9,1.0,False,3.0,Morning,Medium
855,2023-03-26,34,Complaint,3,2.0,False,3.0,Morning,Medium
856,2023-04-01,25,Support,10,5.0,True,3.0,Afternoon,Medium
857,2023-01-15,17,Support,6,6.0,True,4.0,Afternoon,Medium
858,2023-04-22,9,Sales,1,3.0,False,4.0,Afternoon,Low
859,2023-12-21,26,Support,9,2.0,True,5.0,Afternoon,High
860,2023-02-10,39,Complaint,4,2.0,True,4.0,Afternoon,Low
862,2023-10-07,25,Sales,3,0.0,True,4.0,Morning,High
863,2023-12-30,5,Support,7,1.0,True,4.0,Afternoon,Medium
864,2023-08-25,36,Support,6,3.0,True,5.0,Evening,Low
865,2023-07-09,16,Support,14,1.0,True,4.0,Morning,Low
866,2023-10-22,17,Support,5,1.0,True,4.0,Afternoon,Medium
867,2023-08-08,12,Support,21,0.0,True,2.0,Morning,High
868,2023-07-07,2,Sales,7,2.0,True,3.0,Evening,Low
869,2023-09-04,34,Sales,21,2.0,True,4.0,Morning,Low
870,2023-03-09,19,Support,12,7.0,True,3.0,Afternoon,High
871,2023-04-14,3,Inquiry,18,0.0,True,5.0,Afternoon,Low
873,2023-11-29,18,Sales,1,1.0,True,1.0,Evening,Medium
874,2023-01-12,5,Inquiry,2,0.0,False,4.0,Morning,Medium
875,2023-07-05,30,Complaint,20,2.0,True,4.0,Morning,Low
877,2023-07-26,26,Support,16,4.0,True,3.0,Evening,Low
878,2023-05-23,18,Support,5,4.0,False,4.0,Morning,Medium
879,2023-06-15,32,Support,7,0.0,True,4.0,Morning,High
880,2023-01-23,28,Support,3,3.0,False,4.0,Morning,High
881,2023-01-27,6,Inquiry,3,1.0,True,4.0,Evening,Low
882,2023-11-24,10,Complaint,3,0.0,True,5.0,Afternoon,Medium
883,2023-08-13,2,Inquiry,16,8.0,True,5.0,Morning,Low
884,2023-12-06,30,Sales,15,3.0,True,5.0,Morning,Low
885,2023-11-18,15,Support,5,1.0,True,4.0,Afternoon,Low
886,2023-05-26,38,Support,24,5.0,True,2.0,Afternoon,Medium
887,2023-09-08,18,Complaint,2,0.0,True,3.0,Afternoon,High
890,2023-03-31,29,Sales,26,3.0,True,2.0,Morning,Low
891,2023-03-07,9,Inquiry,1,1.0,True,3.0,Morning,Low
892,2023-10-06,22,Complaint,13,4.0,True,5.0,Afternoon,Medium
893,2023-02-06,37,Sales,14,0.0,True,4.0,Afternoon,Low
894,2023-04-29,11,Support,9,2.0,True,4.0,Afternoon,High
895,2023-06-25,24,Inquiry,9,1.0,True,3.0,Morning,Medium
896,2023-03-05,29,Support,7,0.0,True,2.0,Evening,Low
897,2023-05-13,13,Sales,17,5.0,True,4.0,Evening,High
898,2023-07-06,36,Support,22,2.0,True,5.0,Evening,Medium
899,2023-06-03,16,Support,4,1.0,True,2.0,Afternoon,Medium
900,2023-08-24,15,Complaint,8,2.0,True,4.0,Evening,High
901,2023-11-04,10,Inquiry,5,4.0,True,4.0,Afternoon,Low
902,2023-03-20,8,Support,11,7.0,True,2.0,Afternoon,Low
903,2023-12-15,31,Sales,10,0.0,True,3.0,Evening,Low
905,2023-02-16,29,Support,7,6.0,False,2.0,Afternoon,Medium
906,2023-04-03,35,Complaint,5,3.0,True,5.0,Morning,Low
907,2023-07-24,12,Complaint,1,1.0,True,4.0,Morning,High
908,2023-04-19,14,Complaint,3,0.0,False,5.0,Evening,Low
909,2023-01-29,26,Complaint,10,1.0,True,4.0,Morning,Medium
910,2023-01-19,27,Support,13,1.0,True,3.0,Evening,Low
911,2023-10-24,4,Complaint,21,5.0,True,5.0,Morning,Medium
912,2023-04-30,38,Sales,4,4.0,True,5.0,Afternoon,High
913,2023-01-05,34,Complaint,8,13.0,True,3.0,Afternoon,Medium
915,2023-02-10,19,Support,3,3.0,True,4.0,Evening,High
916,2023-02-02,10,Sales,3,1.0,True,4.0,Morning,Low
917,2023-04-16,7,Support,17,6.0,True,2.0,Morning,Medium
918,2023-05-01,39,Sales,2,7.0,True,5.0,Morning,Low
919,2023-12-17,11,Support,6,2.0,True,3.0,Afternoon,High
920,2023-10-27,4,Support,3,0.0,False,2.0,Morning,Medium
921,2023-12-22,31,Support,6,0.0,True,5.0,Afternoon,Low
922,2023-09-06,22,Sales,8,4.0,True,4.0,Evening,High
923,2023-08-16,33,Support,12,1.0,True,5.0,Afternoon,Medium
924,2023-07-30,19,Sales,5,3.0,True,3.0,Afternoon,Low
926,2023-07-30,28,Complaint,14,0.0,True,5.0,Afternoon,Medium
927,2023-01-13,34,Inquiry,3,1.0,True,3.0,Afternoon,Low
928,2023-03-26,37,Complaint,6,0.0,True,3.0,Afternoon,Medium
929,2023-10-28,2,Inquiry,8,9.0,True,4.0,Morning,Low
930,2023-09-04,35,Sales,3,0.0,True,4.0,Evening,Medium
931,2023-09-21,32,Support,17,4.0,True,4.0,Afternoon,Low
932,2023-09-11,18,Support,17,3.0,False,2.0,Morning,Low
933,2023-07-11,8,Complaint,15,4.0,False,3.0,Afternoon,High
934,2023-05-17,14,Support,6,3.0,True,4.0,Evening,High
935,2023-09-07,14,Support,1,1.0,True,2.0,Evening,Low
936,2023-03-13,21,Support,2,1.0,True,3.0,Afternoon,Medium
937,2023-11-26,26,Sales,12,3.0,True,4.0,Morning,Low
938,2023-10-21,17,Inquiry,9,0.0,False,5.0,Morning,High
939,2023-02-10,10,Complaint,1,9.0,True,4.0,Morning,Medium
940,2023-04-05,33,Support,27,2.0,True,2.0,Evening,Low
941,2023-04-04,37,Sales,3,1.0,True,3.0,Afternoon,Low
942,2023-05-23,25,Sales,12,3.0,True,5.0,Morning,Low
944,2023-03-02,37,Inquiry,6,4.0,True,4.0,Morning,Low
945,2023-08-01,27,Complaint,2,5.0,False,2.0,Morning,Low
946,2023-11-04,9,Inquiry,6,2.0,True,1.0,Morning,Medium
947,2023-12-12,26,Complaint,15,2.0,True,3.0,Afternoon,Medium
948,2023-03-12,20,Complaint,5,0.0,True,5.0,Afternoon,High
949,2023-01-11,11,Support,10,5.0,True,1.0,Evening,Low
950,2023-10-13,29,Support,5,0.0,True,1.0,Morning,Medium
951,2023-08-14,7,Complaint,10,0.0,True,5.0,Morning,Low
952,2023-02-12,19,Sales,23,0.0,False,1.0,Afternoon,High
953,2023-06-21,34,Support,15,8.0,True,4.0,Morning,Medium
954,2023-10-15,23,Support,20,1.0,False,2.0,Afternoon,Low
955,2023-01-18,20,Complaint,12,1.0,False,4.0,Morning,Medium
956,2023-06-08,30,Sales,1,3.0,False,5.0,Morning,Low
957,2023-01-27,1,Sales,3,2.0,False,4.0,Evening,High
958,2023-08-20,11,Support,6,3.0,True,3.0,Morning,Medium
960,2023-07-01,22,Complaint,9,4.0,True,5.0,Evening,Medium
961,2023-07-19,16,Sales,12,6.0,True,3.0,Afternoon,Low
962,2023-04-28,13,Sales,7,0.0,True,2.0,Morning,Low
963,2023-12-18,30,Support,22,0.0,True,5.0,Evening,Medium
964,2023-12-04,32,Support,19,9.0,True,4.0,Morning,Low
965,2023-02-02,35,Support,21,0.0,True,4.0,Morning,Low
966,2023-08-05,25,Support,6,1.0,True,3.0,Morning,Medium
967,2023-12-15,22,Complaint,16,1.0,False,4.0,Afternoon,Low
968,2023-06-11,1,Complaint,9,7.0,True,4.0,Afternoon,High
969,2023-01-23,17,Complaint,10,1.0,True,4.0,Morning,Low
970,2023-08-09,38,Support,9,1.0,True,5.0,Morning,Low
971,2023-10-06,15,Sales,21,4.0,True,4.0,Afternoon,Low
972,2023-04-09,3,Support,15,1.0,False,5.0,Evening,Medium
973,2023-03-06,16,Inquiry,1,0.0,False,5.0,Morning,Medium
974,2023-03-28,16,Inquiry,18,0.0,True,5.0,Evening,Low
975,2023-04-10,22,Sales,5,3.0,False,3.0,Morning,Low
976,2023-11-19,3,Complaint,14,4.0,True,4.0,Morning,Low
977,2023-07-23,1,Inquiry,8,0.0,True,3.0,Morning,Medium
978,2023-03-23,17,Sales,16,5.0,True,3.0,Evening,Low
979,2023-02-18,29,Sales,18,2.0,True,1.0,Evening,High
980,2023-10-17,32,Complaint,6,0.0,False,4.0,Afternoon,Low
981,2023-03-29,23,Inquiry,12,2.0,True,1.0,Afternoon,Medium
982,2023-07-30,25,Inquiry,14,0.0,False,4.0,Morning,Low
983,2023-11-12,19,Inquiry,3,1.0,True,4.0,Afternoon,Low
984,2023-01-02,26,Support,23,0.0,True,5.0,Morning,Low
985,2023-06-29,34,Complaint,4,2.0,False,3.0,Morning,Low
986,2023-04-07,23,Inquiry,12,2.0,True,4.0,Morning,Low
987,2023-04-30,12,Sales,24,7.0,True,3.0,Afternoon,Medium
988,2023-11-18,35,Sales,9,0.0,True,5.0,Afternoon,Low
989,2023-05-14,28,Inquiry,10,2.0,False,2.0,Evening,Low
990,2023-06-19,20,Inquiry,5,2.0,True,5.0,Evening,Medium
991,2023-06-01,5,Support,15,1.0,True,4.0,Morning,Medium
992,2023-09-29,36,Complaint,13,0.0,True,4.0,Morning,Medium
993,2023-10-15,1,Sales,14,5.0,True,3.0,Morning,Low
994,2023-07-13,6,Inquiry,2,1.0,True,5.0,Morning,Low
995,2023-05-03,29,Complaint,15,1.0,True,4.0,Morning,Medium
996,2023-01-29,16,Sales,6,0.0,True,3.0,Afternoon,Low
997,2023-04-07,33,Sales,8,6.0,False,3.0,Evening,High
998,2023-11-26,22,Complaint,20,5.0,True,4.0,Morning,Low
999,2023-08-08,34,Support,20,0.0,False,5.0,Morning,Medium
1000,2023-05-30,3,Complaint,9,0.0,True,4.0,Morning,Medium
1001,2023-12-30,39,Inquiry,18,1.0,True,4.0,Evening,High
1002,2023-03-24,38,Support,7,2.0,False,3.0,Morning,Medium
1003,2023-09-17,30,Sales,7,1.0,True,3.0,Evening,Medium
1004,2023-12-06,26,Support,13,4.0,False,4.0,Afternoon,Low
1005,2023-04-14,24,Complaint,6,9.0,True,4.0,Evening,High
1006,2023-07-20,12,Support,6,1.0,True,5.0,Morning,Low
1008,2023-01-30,10,Complaint,13,6.0,False,5.0,Evening,Low
1009,2023-06-04,26,Support,2,5.0,True,5.0,Afternoon,Medium
1010,2023-07-02,1,Inquiry,5,6.0,False,5.0,Evening,Low
1011,2023-10-28,3,Complaint,5,1.0,True,5.0,Morning,Medium
1013,2023-08-31,4,Sales,5,8.0,True,3.0,Morning,Low
1014,2023-03-19,2,Complaint,23,3.0,True,4.0,Evening,Low
1015,2023-06-02,14,Support,8,1.0,True,5.0,Afternoon,Low
1016,2023-09-02,30,Support,4,0.0,False,5.0,Morning,Low
1019,2023-07-06,7,Sales,1,4.0,True,5.0,Morning,Medium
1020,2023-12-27,9,Complaint,6,0.0,True,5.0,Afternoon,Low
1021,2023-10-25,1,Complaint,5,0.0,True,3.0,Morning,Low
1022,2023-03-04,20,Sales,12,0.0,True,5.0,Morning,Medium
1023,2023-11-17,23,Sales,8,7.0,True,4.0,Evening,High
1024,2023-10-22,16,Inquiry,3,0.0,True,5.0,Afternoon,Low
1026,2023-05-28,12,Sales,1,1.0,True,4.0,Afternoon,High
1027,2023-08-26,5,Inquiry,14,0.0,False,4.0,Morning,Low
1028,2023-02-01,32,Support,15,2.0,True,4.0,Afternoon,High
1029,2023-09-06,35,Support,8,10.0,False,2.0,Afternoon,Medium
1030,2023-07-26,8,Sales,17,2.0,True,5.0,Evening,Medium
1031,2023-04-13,1,Inquiry,8,0.0,True,4.0,Morning,Medium
1032,2023-08-29,22,Sales,6,0.0,True,4.0,Morning,Low
1034,2023-01-29,3,Support,8,1.0,True,4.0,Morning,Low
1035,2023-11-17,34,Sales,3,2.0,True,4.0,Evening,Low
1036,2023-07-19,21,Support,21,3.0,False,5.0,Afternoon,High
1037,2023-06-11,36,Complaint,4,1.0,True,4.0,Afternoon,Medium
1038,2023-07-14,12,Sales,5,1.0,True,2.0,Afternoon,Low
1039,2023-08-19,27,Support,19,0.0,False,5.0,Morning,Low
1040,2023-02-18,17,Inquiry,20,1.0,False,4.0,Afternoon,High
1042,2023-07-21,16,Inquiry,2,0.0,False,5.0,Evening,Low
1043,2023-05-24,1,Sales,11,4.0,True,3.0,Afternoon,High
1044,2023-11-12,1,Complaint,13,0.0,True,4.0,Afternoon,Low
1045,2023-01-13,27,Complaint,8,1.0,True,2.0,Afternoon,Low
1046,2023-11-26,9,Sales,21,1.0,True,5.0,Morning,Low
1047,2023-10-29,32,Inquiry,4,0.0,True,5.0,Afternoon,Low
1048,2023-04-26,24,Complaint,3,4.0,True,4.0,Afternoon,Low
1050,2023-11-22,1,Complaint,9,0.0,True,4.0,Evening,Low
1052,2023-09-11,37,Sales,4,0.0,True,4.0,Afternoon,High
1053,2023-12-14,16,Support,5,4.0,True,2.0,Afternoon,High
1054,2023-03-02,16,Support,1,5.0,False,4.0,Afternoon,Medium
1055,2023-01-04,33,Sales,7,2.0,True,5.0,Morning,Medium
1056,2023-08-14,1,Support,1,7.0,True,5.0,Afternoon,High
1057,2023-12-14,24,Support,10,3.0,True,3.0,Afternoon,Low
1058,2023-03-31,28,Inquiry,1,4.0,True,4.0,Afternoon,Medium
1059,2023-06-29,5,Inquiry,2,1.0,False,3.0,Afternoon,Low
1060,2023-03-28,12,Sales,7,0.0,True,4.0,Afternoon,Low
1062,2023-03-24,9,Support,14,2.0,False,2.0,Afternoon,Low
1063,2023-08-20,8,Support,24,0.0,True,5.0,Afternoon,Low
1064,2023-11-10,39,Complaint,22,2.0,False,1.0,Afternoon,Medium
1066,2023-04-01,32,Complaint,1,2.0,True,5.0,Afternoon,Low
1067,2023-10-24,35,Support,3,7.0,False,3.0,Evening,Medium
1068,2023-11-29,2,Sales,11,0.0,True,5.0,Afternoon,Low
1069,2023-02-09,29,Sales,23,0.0,True,2.0,Afternoon,Medium
1070,2023-10-19,33,Support,8,6.0,True,5.0,Morning,Low
1071,2023-02-21,22,Support,15,10.0,False,3.0,Morning,Medium
1072,2023-04-08,34,Support,9,3.0,True,5.0,Evening,Medium
1073,2023-11-17,12,Sales,3,3.0,True,4.0,Afternoon,Low
1074,2023-04-26,10,Support,4,3.0,True,2.0,Morning,Low
1075,2023-05-18,29,Support,7,8.0,True,3.0,Evening,Low
1076,2023-09-07,22,Inquiry,23,0.0,True,4.0,Afternoon,Low
1077,2023-07-17,14,Complaint,20,0.0,True,4.0,Evening,Low
1078,2023-11-27,34,Complaint,15,1.0,True,4.0,Morning,Medium
1080,2023-07-09,8,Sales,4,1.0,True,3.0,Afternoon,Medium
1081,2023-03-18,39,Support,7,8.0,True,5.0,Afternoon,Low
1082,2023-05-18,15,Support,18,0.0,True,4.0,Afternoon,Medium
1083,2023-07-25,17,Complaint,7,4.0,True,3.0,Afternoon,Low
1084,2023-12-03,26,Sales,4,0.0,False,5.0,Morning,Low
1085,2023-09-12,15,Complaint,10,1.0,False,5.0,Morning,Medium
1086,2023-09-27,17,Support,10,5.0,True,4.0,Morning,Low
1087,2023-12-08,11,Sales,1,5.0,True,4.0,Evening,Low
1088,2023-05-20,33,Inquiry,1,1.0,True,1.0,Afternoon,Low
1089,2023-11-30,36,Support,13,6.0,True,3.0,Morning,High
1090,2023-01-27,8,Support,19,0.0,False,3.0,Afternoon,Low
1091,2023-05-24,27,Inquiry,15,2.0,False,4.0,Morning,Medium
1093,2023-12-15,22,Complaint,5,0.0,True,5.0,Morning,Medium
1094,2023-05-06,1,Sales,23,5.0,True,4.0,Evening,Low
1095,2023-05-12,12,Support,10,16.0,True,5.0,Afternoon,Low
1097,2023-06-07,2,Complaint,9,12.0,True,3.0,Afternoon,Low
1098,2023-02-20,21,Support,11,0.0,True,5.0,Afternoon,Medium
1099,2023-10-09,36,Support,4,0.0,True,3.0,Evening,Medium
1100,2023-08-22,12,Support,8,0.0,False,2.0,Morning,Medium
